Date,Symbol,Open,High,Low,Close,Volume XRP,Volume BTC
7/13/2019,XRPBTC,2.92E-05,2.94E-05,2.88E-05,2.93E-05,869398.8,25.29
7/12/2019,XRPBTC,2.90E-05,3.02E-05,2.82E-05,2.92E-05,16780214.75,491.76
7/11/2019,XRPBTC,2.98E-05,3.04E-05,2.77E-05,2.90E-05,12338175.4,355.53
7/10/2019,XRPBTC,3.13E-05,3.14E-05,2.78E-05,2.98E-05,23764068.95,696.84
7/9/2019,XRPBTC,3.27E-05,3.32E-05,3.12E-05,3.13E-05,9743513.63,310.79
7/8/2019,XRPBTC,3.48E-05,3.48E-05,3.24E-05,3.27E-05,6464789.33,216.26
7/7/2019,XRPBTC,3.47E-05,3.56E-05,3.41E-05,3.48E-05,3370593.73,117.19
7/6/2019,XRPBTC,3.45E-05,3.59E-05,3.33E-05,3.47E-05,7666872.79,262.26
7/5/2019,XRPBTC,3.46E-05,3.51E-05,3.35E-05,3.45E-05,8170998.65,281.44
7/4/2019,XRPBTC,3.39E-05,3.50E-05,3.31E-05,3.46E-05,12132149.3,409.06
7/3/2019,XRPBTC,3.68E-05,3.68E-05,3.38E-05,3.39E-05,7000343.54,244.55
7/2/2019,XRPBTC,3.83E-05,4.00E-05,3.64E-05,3.68E-05,7732479.49,299.01
7/1/2019,XRPBTC,3.66E-05,3.88E-05,3.61E-05,3.83E-05,10598514.87,401
6/30/2019,XRPBTC,3.58E-05,3.67E-05,3.48E-05,3.66E-05,5892521.69,210.36
6/29/2019,XRPBTC,3.43E-05,3.61E-05,3.39E-05,3.58E-05,6677672.53,233.85
6/28/2019,XRPBTC,3.63E-05,3.70E-05,3.36E-05,3.43E-05,12042771.25,422.68
6/27/2019,XRPBTC,3.57E-05,3.84E-05,3.27E-05,3.63E-05,32907294.95,1178.16
6/26/2019,XRPBTC,3.97E-05,4.00E-05,3.47E-05,3.57E-05,30738724.66,1146.71
6/25/2019,XRPBTC,4.29E-05,4.29E-05,3.91E-05,3.97E-05,12829619.85,523.2
6/24/2019,XRPBTC,4.32E-05,4.33E-05,4.18E-05,4.29E-05,5517510.87,234.65
6/23/2019,XRPBTC,4.44E-05,4.50E-05,4.28E-05,4.32E-05,10904476.34,477.47
6/22/2019,XRPBTC,4.36E-05,4.61E-05,4.13E-05,4.44E-05,29823488.77,1301.87
6/21/2019,XRPBTC,4.52E-05,4.59E-05,4.35E-05,4.36E-05,5137865.93,230.81
6/20/2019,XRPBTC,4.69E-05,4.69E-05,4.40E-05,4.52E-05,3837841.25,173.95
6/19/2019,XRPBTC,4.71E-05,4.81E-05,4.67E-05,4.69E-05,2786382.13,131.71
6/18/2019,XRPBTC,4.80E-05,4.89E-05,4.67E-05,4.71E-05,4688677.69,224.13
6/17/2019,XRPBTC,4.77E-05,4.99E-05,4.59E-05,4.80E-05,10172063.88,488.04
6/16/2019,XRPBTC,4.64E-05,4.83E-05,4.51E-05,4.77E-05,5896118.6,273.57
6/15/2019,XRPBTC,4.64E-05,4.76E-05,4.62E-05,4.64E-05,2228657.23,104.36
6/14/2019,XRPBTC,4.86E-05,4.86E-05,4.62E-05,4.64E-05,3292645.52,156.02
6/13/2019,XRPBTC,4.93E-05,5.03E-05,4.84E-05,4.86E-05,2879756.04,142.2
6/12/2019,XRPBTC,4.97E-05,4.98E-05,4.88E-05,4.93E-05,1703454.58,83.91
6/11/2019,XRPBTC,5.00E-05,5.02E-05,4.92E-05,4.97E-05,1677202.36,83.44
6/10/2019,XRPBTC,5.04E-05,5.08E-05,4.98E-05,5.00E-05,2169988.65,109.23
6/9/2019,XRPBTC,5.16E-05,5.20E-05,4.82E-05,5.04E-05,6728514.46,336.27
6/8/2019,XRPBTC,5.25E-05,5.28E-05,5.14E-05,5.16E-05,2993431.75,156.22
6/7/2019,XRPBTC,5.38E-05,5.42E-05,5.23E-05,5.25E-05,4541171.15,241.35
6/6/2019,XRPBTC,5.15E-05,5.52E-05,5.12E-05,5.38E-05,8046794.81,433.21
6/5/2019,XRPBTC,5.18E-05,5.20E-05,5.08E-05,5.15E-05,2945166.16,151.1
6/4/2019,XRPBTC,5.13E-05,5.22E-05,5.01E-05,5.18E-05,5352203.6,274.45
6/3/2019,XRPBTC,5.09E-05,5.34E-05,5.07E-05,5.13E-05,6275125.69,326.64
6/2/2019,XRPBTC,5.02E-05,5.12E-05,5.02E-05,5.09E-05,2334301.59,118.14
6/1/2019,XRPBTC,5.12E-05,5.15E-05,4.92E-05,5.02E-05,3150783.14,159.29
5/31/2019,XRPBTC,5.06E-05,5.15E-05,5.00E-05,5.12E-05,3677721.41,186.27
5/30/2019,XRPBTC,5.12E-05,5.40E-05,4.95E-05,5.06E-05,16782971.95,866.06
5/29/2019,XRPBTC,5.14E-05,5.27E-05,4.97E-05,5.12E-05,10308650.01,527.51
5/28/2019,XRPBTC,4.95E-05,5.31E-05,4.81E-05,5.14E-05,22396159.52,1119.18
5/27/2019,XRPBTC,4.69E-05,5.02E-05,4.66E-05,4.95E-05,7876896.9,378.34
5/26/2019,XRPBTC,4.80E-05,4.81E-05,4.61E-05,4.69E-05,4272822.48,200.65
5/25/2019,XRPBTC,4.81E-05,4.87E-05,4.76E-05,4.80E-05,1168716.61,56.36
5/24/2019,XRPBTC,4.84E-05,4.91E-05,4.75E-05,4.81E-05,2258330.91,109.32
5/23/2019,XRPBTC,4.88E-05,4.90E-05,4.77E-05,4.84E-05,1810101.37,87.39
5/22/2019,XRPBTC,5.00E-05,5.15E-05,4.80E-05,4.88E-05,6635790.82,326.74
5/21/2019,XRPBTC,4.99E-05,5.13E-05,4.92E-05,5.00E-05,2338306.42,117.08
5/20/2019,XRPBTC,5.10E-05,5.11E-05,4.95E-05,4.99E-05,4082932.67,205.33
5/19/2019,XRPBTC,5.12E-05,5.29E-05,4.92E-05,5.10E-05,6192009.32,314.13
5/18/2019,XRPBTC,5.28E-05,5.32E-05,5.05E-05,5.12E-05,3537379.17,181.87
5/17/2019,XRPBTC,5.32E-05,5.37E-05,5.03E-05,5.28E-05,9747169.95,509.78
5/16/2019,XRPBTC,5.60E-05,5.78E-05,5.02E-05,5.32E-05,24528853.64,1320.28
5/15/2019,XRPBTC,5.11E-05,5.71E-05,5.05E-05,5.60E-05,29811864.14,1596.56
5/14/2019,XRPBTC,4.15E-05,5.24E-05,4.08E-05,5.11E-05,51590859.4,2500.78
5/13/2019,XRPBTC,4.45E-05,4.65E-05,4.03E-05,4.15E-05,11578670.64,496.12
5/12/2019,XRPBTC,4.48E-05,4.52E-05,4.26E-05,4.45E-05,7129731.46,313.01
5/11/2019,XRPBTC,4.69E-05,4.83E-05,4.33E-05,4.48E-05,14003311.35,638.86
5/10/2019,XRPBTC,4.77E-05,4.84E-05,4.61E-05,4.69E-05,5258847.76,247.97
5/9/2019,XRPBTC,5.01E-05,5.01E-05,4.73E-05,4.77E-05,3350031.51,162.93
5/8/2019,XRPBTC,5.11E-05,5.14E-05,5.00E-05,5.01E-05,1944023.17,98.68
5/7/2019,XRPBTC,5.27E-05,5.28E-05,5.09E-05,5.11E-05,697743.43,35.91
5/6/2019,XRPBTC,5.20E-05,5.34E-05,5.20E-05,5.27E-05,1525417.38,80.41
5/5/2019,XRPBTC,5.20E-05,5.25E-05,5.17E-05,5.20E-05,452252.01,23.58
5/4/2019,XRPBTC,5.33E-05,5.41E-05,5.17E-05,5.20E-05,2018475.42,106.54
5/3/2019,XRPBTC,5.50E-05,5.52E-05,5.19E-05,5.33E-05,3389086.75,180.58
5/2/2019,XRPBTC,5.63E-05,5.64E-05,5.46E-05,5.50E-05,1468057.84,81.38
5/1/2019,XRPBTC,5.79E-05,5.80E-05,5.61E-05,5.63E-05,1268213.13,71.96
4/30/2019,XRPBTC,5.59E-05,5.95E-05,5.58E-05,5.79E-05,4235518.11,244.75
4/29/2019,XRPBTC,5.63E-05,5.66E-05,5.56E-05,5.59E-05,3199098.55,179.17
4/28/2019,XRPBTC,5.65E-05,5.68E-05,5.60E-05,5.63E-05,3009188.18,169.46
4/27/2019,XRPBTC,5.70E-05,5.74E-05,5.58E-05,5.65E-05,1474729.33,83.46
4/26/2019,XRPBTC,5.58E-05,5.73E-05,5.51E-05,5.70E-05,4598945.88,257.35
4/25/2019,XRPBTC,5.53E-05,5.67E-05,5.48E-05,5.58E-05,7417037.13,412.85
4/24/2019,XRPBTC,5.79E-05,5.79E-05,5.34E-05,5.53E-05,25563079.42,1397.49
4/23/2019,XRPBTC,6.02E-05,6.03E-05,5.76E-05,5.79E-05,4942977.23,289.49
4/22/2019,XRPBTC,6.07E-05,6.30E-05,5.98E-05,6.02E-05,3751043.84,229.42
4/21/2019,XRPBTC,6.17E-05,6.18E-05,6.02E-05,6.07E-05,3585687.89,217.42
4/20/2019,XRPBTC,6.27E-05,6.27E-05,6.13E-05,6.17E-05,1707911.73,105.81
4/19/2019,XRPBTC,6.38E-05,6.38E-05,6.25E-05,6.27E-05,1698014.82,106.87
4/18/2019,XRPBTC,6.42E-05,6.58E-05,6.35E-05,6.38E-05,2305153.68,148.49
4/17/2019,XRPBTC,6.26E-05,6.55E-05,6.17E-05,6.42E-05,7131985.89,452.78
4/16/2019,XRPBTC,6.35E-05,6.35E-05,6.19E-05,6.26E-05,2998703.79,187.44
4/15/2019,XRPBTC,6.38E-05,6.43E-05,6.27E-05,6.35E-05,3072224.99,194.55
4/14/2019,XRPBTC,6.44E-05,6.51E-05,6.34E-05,6.38E-05,749283.2,47.98
4/13/2019,XRPBTC,6.41E-05,6.60E-05,6.38E-05,6.44E-05,3375799.67,217.38
4/12/2019,XRPBTC,6.52E-05,6.54E-05,6.39E-05,6.41E-05,2894072.28,186.82
4/11/2019,XRPBTC,6.67E-05,6.67E-05,6.26E-05,6.52E-05,16495238.57,1069.57
4/10/2019,XRPBTC,6.74E-05,6.88E-05,6.55E-05,6.67E-05,6509614.32,435.6
4/9/2019,XRPBTC,6.79E-05,6.83E-05,6.72E-05,6.74E-05,4571028.21,309.63
4/8/2019,XRPBTC,6.99E-05,7.06E-05,6.78E-05,6.79E-05,9462377,648.36
4/7/2019,XRPBTC,6.99E-05,7.24E-05,6.94E-05,6.99E-05,14267678.79,1005.67
4/6/2019,XRPBTC,7.22E-05,7.24E-05,6.91E-05,6.99E-05,15047070.07,1066.56
4/5/2019,XRPBTC,6.74E-05,7.60E-05,6.71E-05,7.22E-05,15398424.32,1128.47
4/4/2019,XRPBTC,6.88E-05,6.91E-05,6.65E-05,6.74E-05,5841685.18,396.24
4/3/2019,XRPBTC,7.22E-05,7.41E-05,6.72E-05,6.88E-05,25401076.42,1801.74
4/2/2019,XRPBTC,7.55E-05,7.65E-05,6.68E-05,7.22E-05,23764664.35,1682.83
4/1/2019,XRPBTC,7.53E-05,7.59E-05,7.50E-05,7.55E-05,1009874.12,76.23
3/19/2019,XRPBTC,7.89E-05,7.89E-05,7.85E-05,7.87E-05,35353.99,2.78
3/18/2019,XRPBTC,7.92E-05,7.94E-05,7.83E-05,7.89E-05,6913898.58,545.34
3/17/2019,XRPBTC,7.96E-05,7.96E-05,7.91E-05,7.92E-05,4160688.18,329.93
3/16/2019,XRPBTC,8.02E-05,8.09E-05,7.90E-05,7.96E-05,4736577.92,378
3/15/2019,XRPBTC,8.03E-05,8.05E-05,8.00E-05,8.02E-05,3204421.65,257.05
3/14/2019,XRPBTC,8.11E-05,8.16E-05,7.96E-05,8.03E-05,5390468.52,433.55
3/13/2019,XRPBTC,8.00E-05,8.37E-05,7.99E-05,8.11E-05,7803461.59,631.75
3/12/2019,XRPBTC,8.01E-05,8.05E-05,7.97E-05,8.00E-05,3123106.99,249.95
3/11/2019,XRPBTC,7.99E-05,8.08E-05,7.94E-05,8.01E-05,3367462.43,269.95
3/10/2019,XRPBTC,7.96E-05,8.10E-05,7.92E-05,7.99E-05,1193637.98,95.66
3/9/2019,XRPBTC,7.97E-05,8.17E-05,7.94E-05,7.96E-05,1574262.67,126.2
3/8/2019,XRPBTC,8.09E-05,8.10E-05,7.95E-05,7.97E-05,4791225.79,384.9
3/7/2019,XRPBTC,8.20E-05,8.22E-05,8.08E-05,8.09E-05,772929.24,62.83
3/6/2019,XRPBTC,8.16E-05,8.31E-05,8.10E-05,8.20E-05,2658931.93,218.08
3/5/2019,XRPBTC,8.14E-05,8.25E-05,8.12E-05,8.16E-05,2782667.03,227.93
3/4/2019,XRPBTC,8.17E-05,8.20E-05,8.04E-05,8.14E-05,2368277.37,192.44
3/3/2019,XRPBTC,8.22E-05,8.24E-05,8.13E-05,8.17E-05,1280686.77,104.77
3/2/2019,XRPBTC,8.26E-05,8.30E-05,8.16E-05,8.22E-05,1814331.54,149.36
3/1/2019,XRPBTC,8.23E-05,8.40E-05,8.16E-05,8.26E-05,2767490.01,230.08
2/28/2019,XRPBTC,8.14E-05,8.28E-05,8.07E-05,8.23E-05,3996064.59,325.7
2/27/2019,XRPBTC,8.33E-05,8.33E-05,8.11E-05,8.14E-05,3526657.28,288.58
2/26/2019,XRPBTC,8.56E-05,8.72E-05,8.26E-05,8.33E-05,6068436.92,509.7
2/25/2019,XRPBTC,7.94E-05,8.79E-05,7.88E-05,8.56E-05,13295646.6,1114.9
2/24/2019,XRPBTC,8.08E-05,8.29E-05,7.84E-05,7.94E-05,17728992.52,1420.43
2/23/2019,XRPBTC,8.10E-05,8.15E-05,7.97E-05,8.08E-05,3393618.16,273.7
2/22/2019,XRPBTC,8.14E-05,8.17E-05,8.03E-05,8.10E-05,1716060.74,138.87
2/21/2019,XRPBTC,8.36E-05,8.36E-05,8.01E-05,8.14E-05,5090452.74,414.02
2/20/2019,XRPBTC,8.26E-05,8.42E-05,8.16E-05,8.36E-05,2925833.63,242.32
2/19/2019,XRPBTC,8.27E-05,8.87E-05,8.24E-05,8.26E-05,9065565.15,770.02
2/18/2019,XRPBTC,8.28E-05,8.45E-05,8.18E-05,8.27E-05,6007627.94,498.29
2/17/2019,XRPBTC,8.33E-05,8.35E-05,8.21E-05,8.28E-05,1964890.02,162.8
2/16/2019,XRPBTC,8.38E-05,8.39E-05,8.29E-05,8.33E-05,578887.65,48.24
2/15/2019,XRPBTC,8.38E-05,8.42E-05,8.30E-05,8.38E-05,1699386.67,142.3
2/14/2019,XRPBTC,8.42E-05,8.46E-05,8.35E-05,8.38E-05,1156188.91,97.12
2/13/2019,XRPBTC,8.40E-05,8.60E-05,8.35E-05,8.42E-05,2294337.25,193.13
2/12/2019,XRPBTC,8.33E-05,8.44E-05,8.28E-05,8.40E-05,3107863.98,258.97
2/11/2019,XRPBTC,8.43E-05,8.45E-05,8.32E-05,8.33E-05,1838069.44,153.76
2/10/2019,XRPBTC,8.54E-05,8.54E-05,8.28E-05,8.43E-05,3438147.98,287.34
2/9/2019,XRPBTC,8.53E-05,8.60E-05,8.46E-05,8.54E-05,2239749.62,190.81
2/8/2019,XRPBTC,8.59E-05,8.81E-05,8.44E-05,8.53E-05,4942430.85,424.86
2/7/2019,XRPBTC,8.50E-05,8.63E-05,8.49E-05,8.59E-05,1450487.17,124.38
2/6/2019,XRPBTC,8.62E-05,8.64E-05,8.49E-05,8.50E-05,2052384.63,175.59
2/5/2019,XRPBTC,8.64E-05,8.70E-05,8.57E-05,8.62E-05,5600239.74,482.04
2/4/2019,XRPBTC,8.74E-05,8.79E-05,8.59E-05,8.64E-05,4867871.88,423.47
2/3/2019,XRPBTC,8.85E-05,8.90E-05,8.65E-05,8.74E-05,1321336.07,115.99
2/2/2019,XRPBTC,8.84E-05,8.90E-05,8.79E-05,8.85E-05,2893572.61,256.76
2/1/2019,XRPBTC,9.00E-05,9.03E-05,8.67E-05,8.84E-05,6058525.03,534.11
1/31/2019,XRPBTC,9.30E-05,9.64E-05,8.88E-05,9.00E-05,7777842.63,720.37
1/30/2019,XRPBTC,8.41E-05,9.37E-05,8.34E-05,9.30E-05,17633217.32,1539.84
1/29/2019,XRPBTC,8.51E-05,8.55E-05,8.33E-05,8.41E-05,8056970.5,680.53
1/28/2019,XRPBTC,8.63E-05,8.65E-05,8.29E-05,8.51E-05,8241618.89,700.73
1/27/2019,XRPBTC,8.77E-05,8.80E-05,8.61E-05,8.63E-05,1885909.12,163.99
1/26/2019,XRPBTC,8.80E-05,8.81E-05,8.69E-05,8.77E-05,4714549.08,413.5
1/25/2019,XRPBTC,8.85E-05,8.86E-05,8.76E-05,8.80E-05,779012.46,68.67
1/24/2019,XRPBTC,8.86E-05,8.89E-05,8.77E-05,8.85E-05,2556496.06,225.95
1/23/2019,XRPBTC,8.89E-05,8.90E-05,8.83E-05,8.86E-05,3468158.6,307.77
1/22/2019,XRPBTC,9.00E-05,9.02E-05,8.84E-05,8.89E-05,6459099.53,575.72
1/21/2019,XRPBTC,8.95E-05,9.06E-05,8.92E-05,9.00E-05,3010467.95,270.43
1/20/2019,XRPBTC,8.90E-05,8.98E-05,8.81E-05,8.95E-05,3601308.12,320.68
1/19/2019,XRPBTC,8.91E-05,9.00E-05,8.80E-05,8.90E-05,4355282.94,388.74
1/18/2019,XRPBTC,9.00E-05,9.00E-05,8.84E-05,8.91E-05,1675459.7,149.52
1/17/2019,XRPBTC,9.06E-05,9.08E-05,8.93E-05,9.00E-05,3135957.19,282.63
1/16/2019,XRPBTC,9.05E-05,9.14E-05,9.01E-05,9.07E-05,2679363.67,242.73
1/15/2019,XRPBTC,9.07E-05,9.10E-05,8.95E-05,9.05E-05,2444202.79,220.45
1/14/2019,XRPBTC,8.96E-05,9.15E-05,8.96E-05,9.07E-05,5183820.11,469.71
1/13/2019,XRPBTC,9.09E-05,9.18E-05,8.91E-05,8.96E-05,3888263.36,351.31
1/12/2019,XRPBTC,9.05E-05,9.14E-05,9.01E-05,9.09E-05,863090.07,78.24
1/11/2019,XRPBTC,9.06E-05,9.19E-05,8.99E-05,9.05E-05,3735379.34,338.48
1/10/2019,XRPBTC,9.20E-05,9.50E-05,8.78E-05,9.06E-05,20797227.79,1898.14
1/9/2019,XRPBTC,9.12E-05,9.28E-05,9.05E-05,9.20E-05,5303863.4,485.02
1/8/2019,XRPBTC,9.06E-05,9.12E-05,8.98E-05,9.12E-05,4912362.52,443.92
1/7/2019,XRPBTC,9.03E-05,9.28E-05,8.98E-05,9.06E-05,3935037.42,357.93
1/6/2019,XRPBTC,9.24E-05,9.31E-05,9.00E-05,9.03E-05,8015918.01,737.43
1/5/2019,XRPBTC,9.30E-05,9.40E-05,9.11E-05,9.24E-05,6655238.79,616.81
1/4/2019,XRPBTC,9.36E-05,9.45E-05,9.25E-05,9.30E-05,6070944.35,567.22
1/3/2019,XRPBTC,9.56E-05,9.57E-05,9.31E-05,9.36E-05,2295222.95,215.76
1/2/2019,XRPBTC,9.50E-05,9.70E-05,9.42E-05,9.56E-05,2930267.07,279.91
1/1/2019,XRPBTC,9.42E-05,9.63E-05,9.38E-05,9.50E-05,1960993.85,186.98
12/31/2018,XRPBTC,9.60E-05,9.73E-05,9.36E-05,9.42E-05,4196975.83,398.27
12/30/2018,XRPBTC,9.65E-05,9.65E-05,9.51E-05,9.60E-05,2600043.08,248.74
12/29/2018,XRPBTC,9.65E-05,9.81E-05,9.47E-05,9.65E-05,5111655.03,492.48
12/28/2018,XRPBTC,9.36E-05,9.84E-05,9.24E-05,9.65E-05,8388071.69,799.28
12/27/2018,XRPBTC,9.85E-05,9.86E-05,9.20E-05,9.36E-05,7045723.31,671.89
12/26/2018,XRPBTC,0.0001003,0.0001017,9.62E-05,9.85E-05,5757506.5,565.27
12/25/2018,XRPBTC,1.00E-04,0.0001019,9.72E-05,0.0001003,7374938.97,732.81
12/24/2018,XRPBTC,9.33E-05,0.0001072,9.08E-05,1.00E-04,19311341.76,1948.11
12/23/2018,XRPBTC,9.04E-05,9.41E-05,9.01E-05,9.33E-05,4953854.52,456.48
12/22/2018,XRPBTC,9.23E-05,9.27E-05,9.01E-05,9.04E-05,3701930.46,337.81
12/21/2018,XRPBTC,9.19E-05,9.36E-05,9.05E-05,9.23E-05,7888395.16,725.24
12/20/2018,XRPBTC,9.41E-05,9.57E-05,9.09E-05,9.19E-05,9204533.76,861.47
12/19/2018,XRPBTC,9.57E-05,0.0001002,9.32E-05,9.41E-05,16048274.86,1566.21
12/18/2018,XRPBTC,9.31E-05,9.67E-05,9.31E-05,9.57E-05,8355877.64,790.79
12/17/2018,XRPBTC,8.87E-05,9.52E-05,8.81E-05,9.31E-05,12145552.54,1099.29
12/16/2018,XRPBTC,8.85E-05,9.05E-05,8.81E-05,8.87E-05,3517390.96,313.55
12/15/2018,XRPBTC,8.94E-05,8.98E-05,8.79E-05,8.85E-05,2582983.79,229.55
12/14/2018,XRPBTC,9.06E-05,9.12E-05,8.84E-05,8.94E-05,4198458.61,376.77
12/13/2018,XRPBTC,8.84E-05,9.10E-05,8.84E-05,9.06E-05,3767610.89,337.63
12/12/2018,XRPBTC,8.86E-05,8.95E-05,8.82E-05,8.84E-05,3137238.59,278.45
12/11/2018,XRPBTC,8.72E-05,9.04E-05,8.71E-05,8.85E-05,9389371.59,830.55
12/10/2018,XRPBTC,8.71E-05,8.75E-05,8.55E-05,8.72E-05,4139654.69,358.22
12/9/2018,XRPBTC,8.87E-05,8.88E-05,8.68E-05,8.71E-05,4630810.39,406.38
12/8/2018,XRPBTC,8.85E-05,9.28E-05,8.75E-05,8.87E-05,10233652.67,914.54
12/7/2018,XRPBTC,8.81E-05,9.04E-05,8.71E-05,8.85E-05,13285713.51,1175.86
12/6/2018,XRPBTC,9.00E-05,9.01E-05,8.61E-05,8.81E-05,9682715.69,857.07
12/5/2018,XRPBTC,8.91E-05,9.12E-05,8.82E-05,9.00E-05,4684856.82,421.32
12/4/2018,XRPBTC,8.96E-05,9.05E-05,8.84E-05,8.91E-05,3782874.2,338.13
12/3/2018,XRPBTC,8.91E-05,9.10E-05,8.87E-05,8.96E-05,5421500.04,487.91
12/2/2018,XRPBTC,8.88E-05,8.98E-05,8.77E-05,8.91E-05,3155810.47,279.81
12/1/2018,XRPBTC,9.03E-05,9.09E-05,8.75E-05,8.88E-05,3686884.36,329.53
11/30/2018,XRPBTC,8.88E-05,9.13E-05,8.74E-05,9.04E-05,5906411.6,527.28
11/29/2018,XRPBTC,9.20E-05,9.23E-05,8.66E-05,8.88E-05,10926051.2,973.38
11/28/2018,XRPBTC,9.43E-05,9.51E-05,9.13E-05,9.20E-05,9731646.86,901.76
11/27/2018,XRPBTC,9.42E-05,9.56E-05,9.20E-05,9.43E-05,7594892.59,712.03
11/26/2018,XRPBTC,9.36E-05,9.65E-05,9.18E-05,9.42E-05,11689601.58,1094.74
11/25/2018,XRPBTC,9.67E-05,9.67E-05,8.89E-05,9.36E-05,16403733.83,1499.94
11/24/2018,XRPBTC,9.38E-05,9.84E-05,9.27E-05,9.67E-05,11046374.49,1055.78
11/23/2018,XRPBTC,9.77E-05,9.79E-05,9.27E-05,9.38E-05,8268214.48,785.27
11/22/2018,XRPBTC,9.72E-05,9.86E-05,9.63E-05,9.77E-05,3355118.98,326.34
11/21/2018,XRPBTC,9.70E-05,9.86E-05,9.45E-05,9.72E-05,8254460.64,798.88
11/20/2018,XRPBTC,9.81E-05,0.0001051,8.97E-05,9.70E-05,37648017.36,3707.63
11/19/2018,XRPBTC,9.11E-05,0.000101,8.73E-05,9.81E-05,23136954.43,2173.87
11/18/2018,XRPBTC,8.84E-05,9.36E-05,8.80E-05,9.11E-05,15299206.71,1397.17
11/17/2018,XRPBTC,8.44E-05,9.00E-05,8.42E-05,8.84E-05,6237166.74,543.36
11/16/2018,XRPBTC,8.50E-05,8.59E-05,8.35E-05,8.44E-05,4744659.5,400.98
11/15/2018,XRPBTC,8.18E-05,8.62E-05,7.89E-05,8.50E-05,20298737.77,1669.26
11/14/2018,XRPBTC,8.03E-05,8.28E-05,7.00E-05,8.18E-05,46289276,3584.55
11/13/2018,XRPBTC,8.12E-05,8.27E-05,7.93E-05,8.03E-05,5146541.69,416.1
11/12/2018,XRPBTC,7.90E-05,8.28E-05,7.83E-05,8.12E-05,5459244.12,439.26
11/11/2018,XRPBTC,7.92E-05,7.95E-05,7.82E-05,7.90E-05,2343296.44,184.86
11/10/2018,XRPBTC,7.86E-05,8.01E-05,7.82E-05,7.92E-05,3037518.2,240.47
11/9/2018,XRPBTC,7.68E-05,8.05E-05,7.66E-05,7.86E-05,5077447.65,399.31
11/8/2018,XRPBTC,8.23E-05,8.28E-05,7.62E-05,7.68E-05,11645430.16,921.78
11/7/2018,XRPBTC,8.52E-05,8.53E-05,8.03E-05,8.23E-05,9527686.3,780.93
11/6/2018,XRPBTC,7.76E-05,8.76E-05,7.75E-05,8.52E-05,16157817.21,1336.81
11/5/2018,XRPBTC,7.25E-05,7.81E-05,7.17E-05,7.76E-05,7561921.97,561.84
11/4/2018,XRPBTC,7.15E-05,7.38E-05,7.08E-05,7.25E-05,5652419.27,407.91
11/3/2018,XRPBTC,7.20E-05,7.21E-05,7.14E-05,7.16E-05,1622676.18,116.48
11/2/2018,XRPBTC,7.19E-05,7.26E-05,7.17E-05,7.20E-05,3492777.38,252.09
11/1/2018,XRPBTC,7.13E-05,7.20E-05,7.08E-05,7.19E-05,2632995.03,187.99
10/31/2018,XRPBTC,7.06E-05,7.18E-05,7.00E-05,7.13E-05,2693547.31,190.64
10/30/2018,XRPBTC,7.01E-05,7.12E-05,7.00E-05,7.07E-05,3903462.7,274.98
10/29/2018,XRPBTC,7.16E-05,7.16E-05,6.89E-05,7.02E-05,4397139.8,308.6
10/28/2018,XRPBTC,7.08E-05,7.18E-05,7.07E-05,7.16E-05,1248945.87,88.99
10/27/2018,XRPBTC,7.14E-05,7.14E-05,6.94E-05,7.08E-05,17300200.62,1215.43
10/26/2018,XRPBTC,7.10E-05,7.15E-05,6.97E-05,7.14E-05,7561209.72,533.73
10/25/2018,XRPBTC,7.07E-05,7.20E-05,7.03E-05,7.10E-05,7082199.8,503.44
10/24/2018,XRPBTC,7.18E-05,7.26E-05,7.03E-05,7.07E-05,6846667.36,488.33
10/23/2018,XRPBTC,7.02E-05,7.41E-05,6.78E-05,7.18E-05,17226919.06,1197.89
10/22/2018,XRPBTC,7.05E-05,7.08E-05,6.96E-05,7.02E-05,5664720.52,396.4
10/21/2018,XRPBTC,7.11E-05,7.15E-05,7.04E-05,7.05E-05,1271357.14,90.26
10/20/2018,XRPBTC,7.05E-05,7.19E-05,7.01E-05,7.11E-05,2382455.78,169.66
10/19/2018,XRPBTC,7.08E-05,7.11E-05,6.97E-05,7.05E-05,2940746.13,206.65
10/18/2018,XRPBTC,7.19E-05,7.29E-05,6.90E-05,7.08E-05,4424244.67,311.86
10/17/2018,XRPBTC,7.17E-05,7.36E-05,7.06E-05,7.19E-05,6630687.86,477.53
10/16/2018,XRPBTC,6.82E-05,6.85E-05,6.80E-05,6.82E-05,127039.37,8.64
10/15/2018,XRPBTC,6.48E-05,6.94E-05,6.32E-05,6.82E-05,25985699.5,1743.6
10/14/2018,XRPBTC,6.67E-05,6.76E-05,6.37E-05,6.48E-05,5351379.61,353.04
10/13/2018,XRPBTC,6.69E-05,6.81E-05,6.60E-05,6.67E-05,4771112.89,319.02
10/12/2018,XRPBTC,6.12E-05,7.06E-05,6.08E-05,6.69E-05,23825472.62,1604.15
10/11/2018,XRPBTC,7.04E-05,7.06E-05,6.08E-05,6.12E-05,37722227.28,2498.24
10/10/2018,XRPBTC,7.24E-05,7.24E-05,6.98E-05,7.04E-05,6122204.85,435.27
10/9/2018,XRPBTC,7.38E-05,7.39E-05,7.12E-05,7.24E-05,6982043.84,504.84
10/8/2018,XRPBTC,7.31E-05,7.50E-05,7.27E-05,7.38E-05,7812010.62,577.29
10/7/2018,XRPBTC,7.43E-05,7.45E-05,7.14E-05,7.31E-05,7616810.77,553.42
10/6/2018,XRPBTC,7.84E-05,7.90E-05,7.13E-05,7.43E-05,13703191.64,1021.37
10/5/2018,XRPBTC,8.03E-05,8.04E-05,7.75E-05,7.84E-05,9626876.95,758.63
10/4/2018,XRPBTC,8.13E-05,8.31E-05,7.99E-05,8.03E-05,4848578.12,394.56
10/3/2018,XRPBTC,7.92E-05,8.27E-05,7.79E-05,8.13E-05,13445753.71,1083.77
10/2/2018,XRPBTC,8.74E-05,8.77E-05,7.89E-05,7.92E-05,9768968.28,823.67
10/1/2018,XRPBTC,8.80E-05,9.09E-05,8.10E-05,8.74E-05,23987508.31,2067.56
9/30/2018,XRPBTC,8.63E-05,9.36E-05,8.51E-05,8.80E-05,20695264.01,1851.95
9/29/2018,XRPBTC,8.14E-05,9.09E-05,8.08E-05,8.63E-05,22116048.77,1888.07
9/28/2018,XRPBTC,8.13E-05,8.26E-05,7.79E-05,8.14E-05,20728699.55,1656.92
9/27/2018,XRPBTC,7.91E-05,8.31E-05,7.88E-05,8.13E-05,10547430.5,855.1
9/26/2018,XRPBTC,8.16E-05,8.77E-05,7.59E-05,7.91E-05,45157611.29,3704.81
9/25/2018,XRPBTC,7.48E-05,8.50E-05,6.84E-05,8.16E-05,36780692.37,2747.19
9/24/2018,XRPBTC,8.53E-05,8.67E-05,7.34E-05,7.48E-05,17967276.75,1418.47
9/23/2018,XRPBTC,8.53E-05,8.92E-05,8.26E-05,8.53E-05,10077897.22,864.28
9/22/2018,XRPBTC,8.32E-05,9.30E-05,7.28E-05,8.53E-05,35948966.51,2988.25
9/21/2018,XRPBTC,6.90E-05,0.000117,6.56E-05,8.32E-05,108964290.9,9563.21
9/20/2018,XRPBTC,5.11E-05,7.56E-05,5.04E-05,6.90E-05,35466187.3,2224.64
9/19/2018,XRPBTC,5.04E-05,5.28E-05,4.96E-05,5.11E-05,10290555.12,525.45
9/18/2018,XRPBTC,4.34E-05,5.27E-05,4.32E-05,5.04E-05,22718915.65,1107.05
9/17/2018,XRPBTC,4.33E-05,4.37E-05,4.28E-05,4.34E-05,5520277.76,238.93
9/16/2018,XRPBTC,4.31E-05,4.34E-05,4.26E-05,4.33E-05,3374353.39,145.28
9/15/2018,XRPBTC,4.26E-05,4.34E-05,4.25E-05,4.31E-05,4238012.94,181.96
9/14/2018,XRPBTC,4.30E-05,4.34E-05,4.22E-05,4.26E-05,4819060,206.72
9/13/2018,XRPBTC,4.26E-05,4.38E-05,4.18E-05,4.30E-05,7070688.43,302.96
9/12/2018,XRPBTC,4.18E-05,4.33E-05,4.07E-05,4.26E-05,7158617.04,299.87
9/11/2018,XRPBTC,4.28E-05,4.33E-05,4.07E-05,4.18E-05,6069407.85,252.97
9/10/2018,XRPBTC,4.42E-05,4.46E-05,4.16E-05,4.28E-05,5497635.47,237.92
9/9/2018,XRPBTC,4.47E-05,4.53E-05,4.39E-05,4.42E-05,6256212.99,278.38
9/8/2018,XRPBTC,4.49E-05,4.55E-05,4.38E-05,4.47E-05,6098172.16,272.16
9/7/2018,XRPBTC,4.64E-05,4.67E-05,4.44E-05,4.49E-05,6564735.08,298.67
9/6/2018,XRPBTC,4.16E-05,4.72E-05,4.16E-05,4.64E-05,18288838.46,813.92
9/5/2018,XRPBTC,4.49E-05,4.52E-05,4.09E-05,4.16E-05,19612610.01,836.33
9/4/2018,XRPBTC,4.61E-05,4.64E-05,4.46E-05,4.49E-05,5693597.34,259.34
9/3/2018,XRPBTC,4.69E-05,4.70E-05,4.60E-05,4.61E-05,6106807.54,283.94
9/2/2018,XRPBTC,4.82E-05,4.83E-05,4.64E-05,4.69E-05,6988794.44,329.17
9/1/2018,XRPBTC,4.78E-05,4.90E-05,4.77E-05,4.82E-05,4833093.14,233.48
8/31/2018,XRPBTC,4.80E-05,4.82E-05,4.73E-05,4.78E-05,2417693.63,115.41
8/30/2018,XRPBTC,4.90E-05,4.92E-05,4.73E-05,4.80E-05,2903791.07,139.31
8/29/2018,XRPBTC,4.96E-05,4.99E-05,4.82E-05,4.90E-05,3406569.9,167.31
8/28/2018,XRPBTC,4.92E-05,5.02E-05,4.86E-05,4.96E-05,6474690.27,320.4
8/27/2018,XRPBTC,4.82E-05,5.00E-05,4.82E-05,4.92E-05,6935375.04,340.66
8/26/2018,XRPBTC,4.86E-05,4.88E-05,4.80E-05,4.82E-05,1732964.82,83.76
8/25/2018,XRPBTC,4.89E-05,4.91E-05,4.83E-05,4.86E-05,1286113.61,62.64
8/24/2018,XRPBTC,5.00E-05,5.01E-05,4.82E-05,4.89E-05,3024665.99,149.01
8/23/2018,XRPBTC,5.00E-05,5.06E-05,4.90E-05,5.00E-05,4260065.07,212.4
8/22/2018,XRPBTC,5.17E-05,5.20E-05,4.92E-05,5.00E-05,9112414.93,462.41
8/21/2018,XRPBTC,5.03E-05,5.23E-05,5.01E-05,5.17E-05,5089112.02,260.71
8/20/2018,XRPBTC,5.28E-05,5.39E-05,5.00E-05,5.03E-05,7685335.71,397.67
8/19/2018,XRPBTC,5.15E-05,5.47E-05,5.00E-05,5.28E-05,7989902.77,421.45
8/18/2018,XRPBTC,5.58E-05,5.64E-05,4.96E-05,5.15E-05,12175578.08,638.66
8/17/2018,XRPBTC,4.62E-05,5.71E-05,4.62E-05,5.58E-05,14272715.36,734.43
8/16/2018,XRPBTC,4.46E-05,4.71E-05,4.42E-05,4.62E-05,6092679.71,278.1
8/15/2018,XRPBTC,4.41E-05,4.75E-05,4.41E-05,4.46E-05,12561381.3,569.21
8/14/2018,XRPBTC,4.39E-05,4.44E-05,4.17E-05,4.41E-05,14274855.62,615.82
8/13/2018,XRPBTC,4.68E-05,4.76E-05,4.35E-05,4.39E-05,7586162.38,348.39
8/12/2018,XRPBTC,4.82E-05,4.82E-05,4.82E-05,4.82E-05,0,0
8/11/2018,XRPBTC,5.19E-05,5.20E-05,4.74E-05,4.82E-05,5621836.51,275.48
8/10/2018,XRPBTC,5.26E-05,5.28E-05,5.12E-05,5.19E-05,6449778.46,335.97
8/9/2018,XRPBTC,5.29E-05,5.63E-05,5.23E-05,5.26E-05,6840843.33,368.76
8/8/2018,XRPBTC,5.64E-05,5.65E-05,5.15E-05,5.29E-05,10963257.56,582.12
8/7/2018,XRPBTC,5.95E-05,5.97E-05,5.59E-05,5.64E-05,5895122.17,338.95
8/6/2018,XRPBTC,6.19E-05,6.19E-05,5.86E-05,5.95E-05,3317024.57,200.66
8/5/2018,XRPBTC,6.13E-05,6.24E-05,6.10E-05,6.19E-05,2711023.98,167.12
8/4/2018,XRPBTC,5.94E-05,6.19E-05,5.89E-05,6.13E-05,2919443.97,177.38
8/3/2018,XRPBTC,5.71E-05,6.08E-05,5.71E-05,5.94E-05,3348434.2,198.77
8/2/2018,XRPBTC,5.87E-05,5.88E-05,5.69E-05,5.71E-05,3136064.95,180.93
8/1/2018,XRPBTC,5.63E-05,6.07E-05,5.61E-05,5.87E-05,6229697.24,365.17
7/31/2018,XRPBTC,5.47E-05,5.69E-05,5.38E-05,5.63E-05,3439607.52,189.46
7/30/2018,XRPBTC,5.51E-05,5.59E-05,5.43E-05,5.47E-05,3389513.2,187.05
7/29/2018,XRPBTC,5.56E-05,5.56E-05,5.49E-05,5.51E-05,696190.55,38.45
7/28/2018,XRPBTC,5.56E-05,5.58E-05,5.51E-05,5.56E-05,1974176.62,109.44
7/27/2018,XRPBTC,5.66E-05,5.72E-05,5.55E-05,5.56E-05,2953349.48,165.95
7/26/2018,XRPBTC,5.62E-05,5.70E-05,5.57E-05,5.66E-05,3209410,180.6
7/25/2018,XRPBTC,5.45E-05,5.77E-05,5.44E-05,5.62E-05,4169835.45,232.51
7/24/2018,XRPBTC,5.77E-05,5.79E-05,5.40E-05,5.45E-05,8733975.46,490.23
7/23/2018,XRPBTC,6.06E-05,6.09E-05,5.72E-05,5.77E-05,5636578.64,330.82
7/22/2018,XRPBTC,6.14E-05,6.16E-05,6.06E-05,6.06E-05,1376982.36,84
7/21/2018,XRPBTC,6.06E-05,6.24E-05,6.01E-05,6.14E-05,2769687.07,169.6
7/20/2018,XRPBTC,6.38E-05,6.40E-05,5.84E-05,6.06E-05,16622659.21,1003.78
7/19/2018,XRPBTC,6.64E-05,6.64E-05,6.36E-05,6.38E-05,5541481.89,360.62
7/18/2018,XRPBTC,6.93E-05,7.00E-05,6.52E-05,6.64E-05,13438198.78,911.57
7/17/2018,XRPBTC,7.17E-05,7.17E-05,6.87E-05,6.93E-05,7055079.42,492.93
7/16/2018,XRPBTC,7.04E-05,7.18E-05,6.96E-05,7.17E-05,4589165.26,323.63
7/15/2018,XRPBTC,7.02E-05,7.05E-05,6.98E-05,7.04E-05,1146104.3,80.49
7/14/2018,XRPBTC,7.04E-05,7.07E-05,6.98E-05,7.02E-05,1497278.16,105.02
7/13/2018,XRPBTC,6.98E-05,7.13E-05,6.98E-05,7.04E-05,1981312.26,139.77
7/12/2018,XRPBTC,7.05E-05,7.06E-05,6.97E-05,6.98E-05,2367188.92,166.3
7/11/2018,XRPBTC,7.03E-05,7.06E-05,6.97E-05,7.05E-05,2257717.22,158.61
7/10/2018,XRPBTC,7.09E-05,7.11E-05,6.95E-05,7.03E-05,3677488.75,257.9
7/9/2018,XRPBTC,7.13E-05,7.15E-05,7.04E-05,7.09E-05,3228327.81,229.56
7/8/2018,XRPBTC,7.18E-05,7.23E-05,7.08E-05,7.13E-05,1967937.68,141.22
7/7/2018,XRPBTC,7.22E-05,7.23E-05,7.07E-05,7.18E-05,2477853.22,177.11
7/6/2018,XRPBTC,7.30E-05,7.31E-05,7.12E-05,7.22E-05,4594749.05,330.65
7/5/2018,XRPBTC,7.47E-05,7.53E-05,7.22E-05,7.30E-05,3229475.51,237.62
7/4/2018,XRPBTC,7.46E-05,7.58E-05,7.35E-05,7.47E-05,3813191.63,283.49
7/3/2018,XRPBTC,7.40E-05,7.80E-05,7.38E-05,7.46E-05,4172611.07,315.55
7/2/2018,XRPBTC,7.26E-05,7.46E-05,7.16E-05,7.40E-05,5384104.54,392.83
7/1/2018,XRPBTC,7.33E-05,7.33E-05,7.15E-05,7.26E-05,1823460.35,131.74
6/30/2018,XRPBTC,7.31E-05,7.54E-05,7.22E-05,7.33E-05,3461616.33,255.08
6/29/2018,XRPBTC,7.62E-05,7.63E-05,7.24E-05,7.31E-05,10104523.37,745.18
6/28/2018,XRPBTC,7.68E-05,7.68E-05,7.49E-05,7.62E-05,3832522.36,289.77
6/27/2018,XRPBTC,7.45E-05,7.69E-05,7.42E-05,7.68E-05,4195064.95,317.99
6/26/2018,XRPBTC,7.69E-05,7.75E-05,7.45E-05,7.45E-05,3541893.52,270.48
6/25/2018,XRPBTC,7.72E-05,7.87E-05,7.60E-05,7.69E-05,4167243.83,322.73
6/24/2018,XRPBTC,7.96E-05,8.00E-05,7.60E-05,7.72E-05,7674731.98,594.89
6/23/2018,XRPBTC,7.97E-05,8.04E-05,7.86E-05,7.96E-05,2315564.76,183.55
6/22/2018,XRPBTC,7.95E-05,8.09E-05,7.85E-05,7.97E-05,7862670.07,625.81
6/21/2018,XRPBTC,7.99E-05,8.09E-05,7.91E-05,7.95E-05,2280646.23,182.47
6/20/2018,XRPBTC,8.15E-05,8.17E-05,7.96E-05,7.99E-05,4317421.64,346.85
6/19/2018,XRPBTC,8.03E-05,8.22E-05,8.01E-05,8.15E-05,3680049.73,297.87
6/18/2018,XRPBTC,8.16E-05,8.16E-05,7.91E-05,8.03E-05,6310817.78,506.62
6/17/2018,XRPBTC,8.21E-05,8.23E-05,8.06E-05,8.16E-05,1968371.38,160.52
6/16/2018,XRPBTC,8.35E-05,8.36E-05,8.15E-05,8.21E-05,2033980.66,167.24
6/15/2018,XRPBTC,8.40E-05,8.44E-05,8.25E-05,8.35E-05,3922923.2,327.49
6/14/2018,XRPBTC,8.43E-05,8.53E-05,8.25E-05,8.40E-05,5376579.78,452.01
6/13/2018,XRPBTC,8.50E-05,8.53E-05,8.15E-05,8.43E-05,5603497.61,464.42
6/12/2018,XRPBTC,8.71E-05,8.71E-05,8.37E-05,8.50E-05,5370834.36,457.98
6/11/2018,XRPBTC,8.60E-05,8.72E-05,8.42E-05,8.71E-05,5202749.65,445.89
6/10/2018,XRPBTC,8.79E-05,8.82E-05,8.25E-05,8.60E-05,12632089.74,1083.38
6/9/2018,XRPBTC,8.85E-05,8.86E-05,8.73E-05,8.79E-05,1862066.79,163.36
6/8/2018,XRPBTC,8.81E-05,8.86E-05,8.71E-05,8.85E-05,2356166.23,206.79
6/7/2018,XRPBTC,8.79E-05,8.91E-05,8.75E-05,8.81E-05,2598350.41,229.48
6/6/2018,XRPBTC,8.85E-05,8.89E-05,8.74E-05,8.79E-05,3534649.31,311.02
6/5/2018,XRPBTC,8.76E-05,8.96E-05,8.57E-05,8.85E-05,4014761.52,353.73
6/4/2018,XRPBTC,8.94E-05,9.11E-05,8.53E-05,8.76E-05,8808502.37,773.24
6/3/2018,XRPBTC,8.41E-05,8.94E-05,8.39E-05,8.94E-05,3369156.35,288.6
6/2/2018,XRPBTC,8.28E-05,8.49E-05,8.22E-05,8.41E-05,4749272.29,397.95
6/1/2018,XRPBTC,8.17E-05,8.29E-05,8.09E-05,8.28E-05,3436001.62,281.38
5/31/2018,XRPBTC,8.15E-05,8.20E-05,8.04E-05,8.17E-05,4406445.81,357.87
5/30/2018,XRPBTC,8.03E-05,8.30E-05,7.99E-05,8.15E-05,4888026.65,397.44
5/29/2018,XRPBTC,7.72E-05,8.14E-05,7.70E-05,8.03E-05,8276223.39,656.03
5/28/2018,XRPBTC,8.23E-05,8.27E-05,7.70E-05,7.72E-05,5684861.03,454.81
5/27/2018,XRPBTC,8.31E-05,8.33E-05,8.21E-05,8.23E-05,3297448.05,272.41
5/26/2018,XRPBTC,8.12E-05,8.31E-05,8.05E-05,8.31E-05,3709428.52,304.43
5/25/2018,XRPBTC,8.30E-05,8.34E-05,8.02E-05,8.12E-05,5910563.14,484.69
5/24/2018,XRPBTC,7.88E-05,8.39E-05,7.87E-05,8.30E-05,8535429.82,691.46
5/23/2018,XRPBTC,7.99E-05,8.07E-05,7.65E-05,7.88E-05,9012296.03,709.48
5/22/2018,XRPBTC,8.05E-05,8.14E-05,7.97E-05,7.99E-05,3684024.32,297.33
5/21/2018,XRPBTC,8.19E-05,8.24E-05,8.00E-05,8.05E-05,3994083.03,323.39
5/20/2018,XRPBTC,8.20E-05,8.32E-05,8.12E-05,8.19E-05,4964729.67,406.91
5/19/2018,XRPBTC,8.22E-05,8.28E-05,8.10E-05,8.20E-05,2791530.4,227.88
5/18/2018,XRPBTC,8.18E-05,8.32E-05,8.08E-05,8.22E-05,3485797.28,286.53
5/17/2018,XRPBTC,8.48E-05,8.48E-05,8.10E-05,8.18E-05,3795558.08,314.72
5/16/2018,XRPBTC,8.16E-05,8.49E-05,8.07E-05,8.48E-05,5922443.2,487.27
5/15/2018,XRPBTC,8.40E-05,8.52E-05,8.02E-05,8.16E-05,10248193.87,846.86
5/14/2018,XRPBTC,8.39E-05,8.57E-05,8.24E-05,8.40E-05,6841679.96,575.09
5/13/2018,XRPBTC,8.08E-05,8.57E-05,7.96E-05,8.39E-05,5896022.85,487.96
5/12/2018,XRPBTC,8.06E-05,8.20E-05,7.66E-05,8.08E-05,11311086.88,908.26
5/11/2018,XRPBTC,8.30E-05,8.39E-05,7.32E-05,8.06E-05,34156024.6,2720.12
5/10/2018,XRPBTC,8.54E-05,8.61E-05,8.27E-05,8.30E-05,4295216.65,364.5
5/9/2018,XRPBTC,8.79E-05,8.79E-05,8.38E-05,8.54E-05,17293062.32,1468.28
5/8/2018,XRPBTC,8.82E-05,8.96E-05,8.71E-05,8.79E-05,5384287.26,473.68
5/7/2018,XRPBTC,8.94E-05,8.95E-05,8.65E-05,8.82E-05,10958691.67,959.58
5/6/2018,XRPBTC,9.16E-05,9.25E-05,8.86E-05,8.94E-05,8358852.81,753.63
5/5/2018,XRPBTC,9.17E-05,9.39E-05,9.07E-05,9.16E-05,6580006.09,604.28
5/4/2018,XRPBTC,9.04E-05,9.50E-05,8.89E-05,9.17E-05,12427901.24,1147.28
5/3/2018,XRPBTC,9.31E-05,9.43E-05,8.94E-05,9.04E-05,9713302.98,895.06
5/2/2018,XRPBTC,9.21E-05,9.42E-05,9.17E-05,9.31E-05,9468884.51,882.42
5/1/2018,XRPBTC,9.01E-05,9.27E-05,8.77E-05,9.21E-05,9386766.82,851.2
4/30/2018,XRPBTC,9.24E-05,9.30E-05,8.88E-05,9.01E-05,5895924.74,535.34
4/29/2018,XRPBTC,9.24E-05,9.60E-05,8.98E-05,9.24E-05,9181127.69,851.77
4/28/2018,XRPBTC,9.04E-05,9.45E-05,8.98E-05,9.24E-05,7134012.19,655.69
4/27/2018,XRPBTC,9.14E-05,9.21E-05,9.02E-05,9.04E-05,7378265.64,671.22
4/26/2018,XRPBTC,8.96E-05,9.30E-05,8.77E-05,9.14E-05,10454209.22,946.47
4/25/2018,XRPBTC,9.55E-05,9.61E-05,8.60E-05,8.96E-05,18644524.09,1679.38
4/24/2018,XRPBTC,9.77E-05,0.0001022,9.50E-05,9.55E-05,19181431.87,1898.67
4/23/2018,XRPBTC,9.80E-05,9.93E-05,9.55E-05,9.77E-05,8980313.7,876.56
4/22/2018,XRPBTC,9.69E-05,0.0001015,9.52E-05,9.80E-05,6784075.91,672.48
4/21/2018,XRPBTC,0.0001043,0.0001043,9.38E-05,9.69E-05,13030590.36,1283.89
4/20/2018,XRPBTC,9.48E-05,0.00011,9.44E-05,0.0001043,25698253.62,2623.4
4/19/2018,XRPBTC,8.74E-05,9.50E-05,8.62E-05,9.48E-05,9762081.37,873.99
4/18/2018,XRPBTC,8.30E-05,8.90E-05,8.29E-05,8.74E-05,7213554.49,616.22
4/17/2018,XRPBTC,8.23E-05,8.38E-05,8.17E-05,8.30E-05,4578866.47,380.19
4/16/2018,XRPBTC,8.30E-05,8.30E-05,8.05E-05,8.23E-05,4928514.21,402.99
4/15/2018,XRPBTC,8.00E-05,8.32E-05,7.98E-05,8.30E-05,4971775.25,406.55
4/14/2018,XRPBTC,8.16E-05,8.25E-05,7.86E-05,8.00E-05,6249807.62,502.14
4/13/2018,XRPBTC,8.12E-05,8.70E-05,7.83E-05,8.16E-05,15940753.03,1306.36
4/12/2018,XRPBTC,7.77E-05,8.46E-05,7.11E-05,8.12E-05,20310516.08,1545.74
4/11/2018,XRPBTC,7.18E-05,7.98E-05,7.10E-05,7.77E-05,10964225.8,804.43
4/10/2018,XRPBTC,7.18E-05,7.20E-05,7.09E-05,7.18E-05,2959349.67,211.83
4/9/2018,XRPBTC,7.09E-05,7.22E-05,7.05E-05,7.18E-05,5282317.7,376.2
4/8/2018,XRPBTC,7.02E-05,7.12E-05,6.99E-05,7.09E-05,3511232.39,247.64
4/7/2018,XRPBTC,7.14E-05,7.19E-05,7.00E-05,7.02E-05,3380333.61,238.79
4/6/2018,XRPBTC,7.22E-05,7.25E-05,7.03E-05,7.14E-05,3804536.48,270.85
4/5/2018,XRPBTC,7.22E-05,7.28E-05,7.08E-05,7.22E-05,7547312.7,542.05
4/4/2018,XRPBTC,7.38E-05,7.44E-05,7.09E-05,7.22E-05,6685881.64,483.86
4/3/2018,XRPBTC,7.01E-05,7.47E-05,6.91E-05,7.38E-05,11349883.26,813.43
4/2/2018,XRPBTC,7.02E-05,7.12E-05,6.90E-05,7.01E-05,4288435.37,298.79
4/1/2018,XRPBTC,7.22E-05,7.23E-05,7.02E-05,7.02E-05,4462487.03,317.99
3/31/2018,XRPBTC,7.30E-05,7.38E-05,7.14E-05,7.22E-05,3978776.2,287.53
3/30/2018,XRPBTC,7.09E-05,7.31E-05,7.01E-05,7.30E-05,6763518.6,484.92
3/29/2018,XRPBTC,7.22E-05,7.28E-05,7.04E-05,7.09E-05,9313189.1,668.25
3/28/2018,XRPBTC,7.31E-05,7.33E-05,7.19E-05,7.22E-05,3834298.81,277.63
3/27/2018,XRPBTC,7.23E-05,7.40E-05,7.17E-05,7.31E-05,3595692.87,261.16
3/26/2018,XRPBTC,7.51E-05,7.54E-05,7.22E-05,7.23E-05,9512979.17,701.65
3/25/2018,XRPBTC,7.37E-05,7.61E-05,7.30E-05,7.51E-05,1886471.03,140.42
3/24/2018,XRPBTC,7.18E-05,7.61E-05,7.17E-05,7.37E-05,2946304.47,216.89
3/23/2018,XRPBTC,7.48E-05,7.51E-05,7.17E-05,7.18E-05,3848873.22,282.19
3/22/2018,XRPBTC,7.64E-05,7.64E-05,7.33E-05,7.48E-05,5132412.22,382.03
3/21/2018,XRPBTC,7.85E-05,7.87E-05,7.51E-05,7.64E-05,9053399.3,697.25
3/20/2018,XRPBTC,8.37E-05,8.38E-05,7.80E-05,7.85E-05,22782191.98,1832.57
3/19/2018,XRPBTC,7.93E-05,8.42E-05,7.71E-05,8.37E-05,11110456.87,889.17
3/18/2018,XRPBTC,7.99E-05,8.25E-05,7.30E-05,7.93E-05,12776390.7,989.83
3/17/2018,XRPBTC,8.20E-05,8.28E-05,7.90E-05,7.99E-05,4830366.18,389.04
3/16/2018,XRPBTC,8.27E-05,8.70E-05,8.10E-05,8.20E-05,7775566.87,649.31
3/15/2018,XRPBTC,8.36E-05,8.76E-05,8.06E-05,8.27E-05,10668023.59,886.46
3/14/2018,XRPBTC,8.51E-05,8.62E-05,8.22E-05,8.36E-05,5119454.12,431.15
3/13/2018,XRPBTC,8.57E-05,8.61E-05,8.39E-05,8.51E-05,4220398.5,357.96
3/12/2018,XRPBTC,8.58E-05,8.71E-05,8.32E-05,8.57E-05,5597919.01,476.99
3/11/2018,XRPBTC,8.83E-05,9.00E-05,8.50E-05,8.58E-05,6590098.31,577.34
3/10/2018,XRPBTC,8.92E-05,8.95E-05,8.67E-05,8.83E-05,2999268.73,263.53
3/9/2018,XRPBTC,8.65E-05,9.21E-05,8.57E-05,8.92E-05,8334805.28,736.05
3/8/2018,XRPBTC,8.60E-05,8.80E-05,8.51E-05,8.65E-05,4760401.29,412.63
3/7/2018,XRPBTC,8.40E-05,8.71E-05,8.25E-05,8.60E-05,11236570.06,951.21
3/6/2018,XRPBTC,8.24E-05,8.80E-05,8.22E-05,8.40E-05,16434111.99,1389.74
3/5/2018,XRPBTC,8.72E-05,9.43E-05,8.11E-05,8.24E-05,24893194.68,2207.37
3/4/2018,XRPBTC,7.83E-05,9.04E-05,7.82E-05,8.72E-05,13048433.04,1098.67
3/3/2018,XRPBTC,8.13E-05,8.25E-05,7.80E-05,7.83E-05,5770327.08,459.17
3/2/2018,XRPBTC,8.36E-05,8.36E-05,8.10E-05,8.13E-05,7429114.97,608.48
3/1/2018,XRPBTC,8.57E-05,8.89E-05,8.30E-05,8.36E-05,10773347.83,920.73
2/28/2018,XRPBTC,8.76E-05,8.79E-05,8.43E-05,8.57E-05,7868870.5,674.25
2/27/2018,XRPBTC,9.01E-05,9.07E-05,8.68E-05,8.76E-05,8567858.86,756.3
2/26/2018,XRPBTC,9.41E-05,9.42E-05,8.90E-05,9.01E-05,7606053.61,698.26
2/25/2018,XRPBTC,9.30E-05,9.50E-05,9.24E-05,9.41E-05,4267706.28,399.97
2/24/2018,XRPBTC,9.26E-05,9.38E-05,9.07E-05,9.30E-05,6154444.27,567.91
2/23/2018,XRPBTC,9.04E-05,9.53E-05,8.88E-05,9.26E-05,12118712.35,1122.65
2/22/2018,XRPBTC,9.08E-05,9.23E-05,8.77E-05,9.04E-05,13122504.93,1183.48
2/21/2018,XRPBTC,9.16E-05,9.35E-05,8.95E-05,9.08E-05,10029913.89,918.1
2/20/2018,XRPBTC,9.93E-05,9.93E-05,8.93E-05,9.16E-05,7411640.69,698.05
2/19/2018,XRPBTC,0.000103,0.0001043,9.90E-05,9.93E-05,4552122.61,463.45
2/18/2018,XRPBTC,0.0001063,0.0001065,0.0001019,0.000103,9232800.17,955.54
2/17/2018,XRPBTC,0.0001093,0.0001115,0.0001029,0.0001063,9104997.3,976.85
2/16/2018,XRPBTC,0.0001105,0.0001115,0.0001075,0.0001093,5660486.59,619.9
2/15/2018,XRPBTC,0.0001191,0.0001197,0.0001092,0.0001105,13721454.08,1549.79
2/14/2018,XRPBTC,0.0001157,0.0001247,0.000112,0.0001191,18995600.49,2228.67
2/13/2018,XRPBTC,0.0001168,0.0001186,0.0001143,0.0001157,6434575.68,747.65
2/12/2018,XRPBTC,0.0001191,0.0001223,0.0001165,0.0001168,8496413.79,1016.17
2/11/2018,XRPBTC,0.00012,0.0001244,0.0001121,0.0001191,11427057.75,1345.45
2/10/2018,XRPBTC,0.000106,0.000136,0.0001051,0.00012,41354997.9,5036.82
2/9/2018,XRPBTC,9.47E-05,0.0001094,9.38E-05,0.000106,17186785.48,1740.65
2/8/2018,XRPBTC,9.42E-05,9.56E-05,8.86E-05,9.47E-05,10887429.79,994.76
2/7/2018,XRPBTC,9.89E-05,9.92E-05,9.31E-05,9.42E-05,16166519.61,1550
2/6/2018,XRPBTC,9.83E-05,0.0001013,9.54E-05,9.89E-05,25822255.11,2537.32
2/5/2018,XRPBTC,9.95E-05,0.0001016,9.54E-05,9.83E-05,16993313.01,1667.38
2/4/2018,XRPBTC,0.0001039,0.0001043,9.85E-05,9.95E-05,9217774.77,930.93
2/3/2018,XRPBTC,0.0001012,0.0001079,9.48E-05,0.0001039,15199678.44,1547.66
2/2/2018,XRPBTC,0.0001039,0.0001069,8.43E-05,0.0001012,44559630.75,4334.6
2/1/2018,XRPBTC,0.0001111,0.0001118,0.0001018,0.0001039,14404098.42,1537.8
1/31/2018,XRPBTC,0.0001096,0.0001127,0.000105,0.0001111,8580217.12,936.29
1/30/2018,XRPBTC,0.0001129,0.0001145,0.0001088,0.0001096,9513250.2,1060.92
1/29/2018,XRPBTC,0.0001158,0.0001158,0.000112,0.0001129,6550857.45,742.59
1/28/2018,XRPBTC,0.0001063,0.0001181,0.000105,0.0001158,7678050.12,840.53
1/27/2018,XRPBTC,0.000109,0.0001095,0.0001056,0.0001063,6052531.28,650.48
1/26/2018,XRPBTC,0.0001165,0.0001165,0.0001072,0.000109,13316670.9,1476.86
1/25/2018,XRPBTC,0.0001185,0.0001195,0.000116,0.0001165,4879270.09,573.38
1/24/2018,XRPBTC,0.0001234,0.0001258,0.0001176,0.0001185,7108518,866.98
1/23/2018,XRPBTC,0.000124,0.0001279,0.0001181,0.0001234,13459782.8,1656.56
1/22/2018,XRPBTC,0.0001182,0.0001248,0.0001108,0.000124,16112806.14,1867.52
1/21/2018,XRPBTC,0.0001228,0.0001235,0.000113,0.0001182,12904452.36,1537.17
1/20/2018,XRPBTC,0.0001333,0.0001341,0.00012,0.0001228,12671055.99,1578.45
1/19/2018,XRPBTC,0.00014,0.0001468,0.000131,0.0001333,12297392.87,1698.47
1/18/2018,XRPBTC,0.0001169,0.0001453,0.0001119,0.00014,34328191.83,4493.97
1/17/2018,XRPBTC,0.0001027,0.0001246,9.45E-05,0.0001169,55379455.53,5806.52
1/16/2018,XRPBTC,0.000122,0.0001287,8.13E-05,0.0001027,59770816.66,6483.72
1/15/2018,XRPBTC,0.0001344,0.000137,0.0001201,0.000122,10804967.06,1395.33
1/14/2018,XRPBTC,0.0001398,0.0001401,0.0001324,0.0001344,9693232.85,1318.21
1/13/2018,XRPBTC,0.000146,0.0001483,0.0001368,0.0001398,9600841.9,1361.54
1/12/2018,XRPBTC,0.000145,0.0001582,0.0001401,0.000146,23252608.75,3398.41
1/11/2018,XRPBTC,0.0001306,0.000165,0.0001187,0.000145,51434860.84,7212.14
1/10/2018,XRPBTC,0.0001426,0.0001494,0.0001196,0.0001306,43150453.37,5759.05
1/9/2018,XRPBTC,0.00016,0.0001631,0.0001337,0.0001426,21463892.89,3234.17
1/8/2018,XRPBTC,0.0001704,0.0001709,0.00014,0.00016,21693249.09,3482.03
1/7/2018,XRPBTC,0.0001537,0.000175,0.0001533,0.0001704,15129039,2489.4
1/6/2018,XRPBTC,0.0001474,0.000175,0.0001446,0.0001537,25272739.62,4012.85
1/5/2018,XRPBTC,0.0001811,0.0002024,0.0001343,0.0001474,66463129.27,11039.2
1/4/2018,XRPBTC,0.0001799,0.0002298,0.0001731,0.0001811,71477014.26,14387.92
1/3/2018,XRPBTC,0.0001488,0.0001937,0.000145,0.0001799,46306027.83,7941.13
1/2/2018,XRPBTC,0.0001523,0.0001588,0.0001313,0.0001488,28376853.23,4135.28
1/1/2018,XRPBTC,0.0001429,0.0001566,0.0001386,0.0001523,13487411.03,1942.95
12/31/2017,XRPBTC,0.0001486,0.0001589,0.0001217,0.0001429,51108264.81,7237.08
12/30/2017,XRPBTC,0.0001344,0.00018,0.0001322,0.0001486,119562039,18752.35
12/29/2017,XRPBTC,8.72E-05,0.0001388,8.70E-05,0.0001344,86492387.2,9976.13
12/28/2017,XRPBTC,7.86E-05,9.40E-05,7.70E-05,8.72E-05,40114077.58,3444.94
12/27/2017,XRPBTC,6.82E-05,8.50E-05,6.74E-05,7.86E-05,49098553.08,3694.45
12/26/2017,XRPBTC,7.13E-05,7.14E-05,6.15E-05,6.82E-05,21312702.99,1403.27
12/25/2017,XRPBTC,7.18E-05,7.28E-05,6.99E-05,7.13E-05,11082308.75,789.82
12/24/2017,XRPBTC,7.12E-05,7.67E-05,6.78E-05,7.18E-05,18362495.58,1311.57
12/23/2017,XRPBTC,7.50E-05,7.74E-05,6.82E-05,7.12E-05,24618982.5,1773.3
12/22/2017,XRPBTC,7.21E-05,8.60E-05,4.80E-05,7.50E-05,126155025.4,9068.78
12/21/2017,XRPBTC,4.35E-05,7.39E-05,4.34E-05,7.21E-05,118888341.7,7026.25
12/20/2017,XRPBTC,4.21E-05,4.45E-05,4.01E-05,4.35E-05,41223908.1,1747.1
12/19/2017,XRPBTC,3.99E-05,4.49E-05,3.94E-05,4.21E-05,42950058.34,1820.73
12/18/2017,XRPBTC,3.75E-05,4.29E-05,3.65E-05,3.99E-05,43087844.38,1691.21
12/17/2017,XRPBTC,3.85E-05,3.99E-05,3.57E-05,3.75E-05,23759971.3,897.69
12/16/2017,XRPBTC,4.20E-05,4.59E-05,3.70E-05,3.85E-05,52812602.22,2185.4
12/15/2017,XRPBTC,5.27E-05,5.27E-05,3.50E-05,4.20E-05,138894136.3,5949.34
12/14/2017,XRPBTC,2.83E-05,5.50E-05,2.78E-05,5.27E-05,168317958,6949.26
12/13/2017,XRPBTC,2.54E-05,3.70E-05,2.20E-05,2.83E-05,99636778.29,2914.02
12/12/2017,XRPBTC,1.48E-05,2.90E-05,1.46E-05,2.54E-05,56539104.97,1076.92
12/11/2017,XRPBTC,1.53E-05,1.54E-05,1.40E-05,1.48E-05,16874550.45,247.62
12/10/2017,XRPBTC,1.60E-05,1.76E-05,1.48E-05,1.53E-05,28655519.55,459.8
12/9/2017,XRPBTC,1.47E-05,1.77E-05,1.45E-05,1.60E-05,30008645.63,485.82
12/8/2017,XRPBTC,1.23E-05,1.72E-05,1.20E-05,1.47E-05,95070620.74,1406.28
12/7/2017,XRPBTC,1.59E-05,1.60E-05,1.23E-05,1.23E-05,56451990.32,808.36
12/6/2017,XRPBTC,2.00E-05,2.01E-05,1.53E-05,1.59E-05,51336535.63,919.62
12/5/2017,XRPBTC,2.13E-05,2.13E-05,1.98E-05,2.00E-05,29372944.81,601.02
12/4/2017,XRPBTC,2.19E-05,2.20E-05,2.12E-05,2.13E-05,14087154.22,303.5
12/3/2017,XRPBTC,2.24E-05,2.25E-05,2.13E-05,2.19E-05,16644480.02,365.83
12/2/2017,XRPBTC,2.28E-05,2.30E-05,2.20E-05,2.24E-05,9285032.64,208.8
12/1/2017,XRPBTC,2.38E-05,2.41E-05,2.26E-05,2.28E-05,12254926.35,287.07
11/30/2017,XRPBTC,2.41E-05,2.49E-05,2.30E-05,2.38E-05,22960629.7,547.31
11/29/2017,XRPBTC,2.83E-05,2.83E-05,2.35E-05,2.41E-05,45318409.03,1131.99
11/28/2017,XRPBTC,2.53E-05,2.85E-05,2.53E-05,2.83E-05,31509588.59,840.73
11/27/2017,XRPBTC,2.64E-05,2.64E-05,2.53E-05,2.53E-05,19855510.8,510.31
11/26/2017,XRPBTC,2.84E-05,2.85E-05,2.63E-05,2.64E-05,241639.14,6.4
11/25/2017,XRPBTC,2.93E-05,3.01E-05,2.83E-05,2.84E-05,13714601.55,399.74
11/24/2017,XRPBTC,2.99E-05,3.01E-05,2.78E-05,2.93E-05,22672240.1,659.89
11/23/2017,XRPBTC,2.90E-05,3.07E-05,2.88E-05,2.99E-05,25631751.37,760.27
11/22/2017,XRPBTC,2.87E-05,2.96E-05,2.81E-05,2.90E-05,16987727.43,487.98
11/21/2017,XRPBTC,2.93E-05,3.00E-05,2.82E-05,2.87E-05,14722955.8,426.59
11/20/2017,XRPBTC,2.89E-05,3.04E-05,2.88E-05,2.93E-05,15232414.35,451.14
11/19/2017,XRPBTC,2.92E-05,3.07E-05,2.84E-05,2.89E-05,15730434.34,461.42
11/18/2017,XRPBTC,2.91E-05,2.98E-05,2.88E-05,2.92E-05,11868462.67,346.18
11/17/2017,XRPBTC,2.89E-05,3.11E-05,2.71E-05,2.91E-05,30563654.05,875.96
11/16/2017,XRPBTC,2.88E-05,3.88E-05,2.75E-05,2.89E-05,47171484.29,1478.75
11/15/2017,XRPBTC,3.11E-05,3.12E-05,2.82E-05,2.88E-05,12349645.67,362.23
11/14/2017,XRPBTC,3.10E-05,3.21E-05,3.04E-05,3.11E-05,9203040.89,286.79
11/13/2017,XRPBTC,3.26E-05,3.37E-05,2.96E-05,3.10E-05,14855890.35,466.41
11/12/2017,XRPBTC,3.29E-05,3.66E-05,2.97E-05,3.26E-05,30031499.11,978.86
11/11/2017,XRPBTC,3.10E-05,3.40E-05,3.04E-05,3.29E-05,16518584.19,531.1
11/10/2017,XRPBTC,3.04E-05,3.17E-05,2.96E-05,3.10E-05,16964703.16,518.51
11/9/2017,XRPBTC,2.93E-05,3.11E-05,2.93E-05,3.04E-05,18867521.99,570.11
11/8/2017,XRPBTC,2.90E-05,3.05E-05,2.67E-05,2.93E-05,16963415.36,486.2
11/7/2017,XRPBTC,2.90E-05,2.92E-05,2.79E-05,2.90E-05,11050968.34,315.15
11/6/2017,XRPBTC,2.71E-05,2.92E-05,2.70E-05,2.90E-05,16785867.85,474.4
11/5/2017,XRPBTC,2.73E-05,2.76E-05,2.62E-05,2.71E-05,7847169.12,210.64
11/4/2017,XRPBTC,2.88E-05,2.92E-05,2.70E-05,2.73E-05,10710817.95,298.51
11/3/2017,XRPBTC,2.86E-05,3.30E-05,2.71E-05,2.88E-05,32939296,967.58
11/2/2017,XRPBTC,2.84E-05,2.96E-05,2.45E-05,2.86E-05,26728815.16,725.72
11/1/2017,XRPBTC,3.07E-05,3.13E-05,2.82E-05,2.84E-05,8915042.68,267.34
10/31/2017,XRPBTC,3.29E-05,3.33E-05,3.04E-05,3.07E-05,7005559.64,223.38
10/30/2017,XRPBTC,3.30E-05,3.38E-05,3.26E-05,3.29E-05,4278505.11,141.33
10/29/2017,XRPBTC,3.47E-05,3.48E-05,3.24E-05,3.30E-05,10427047.46,352.36
10/28/2017,XRPBTC,3.47E-05,3.52E-05,3.42E-05,3.47E-05,2878849.76,99.93
10/27/2017,XRPBTC,3.42E-05,3.51E-05,3.37E-05,3.47E-05,3311137.76,114.4
10/26/2017,XRPBTC,3.52E-05,3.57E-05,3.37E-05,3.42E-05,6893405.79,237.43
10/25/2017,XRPBTC,3.71E-05,3.74E-05,3.49E-05,3.52E-05,8117273,293.24
10/24/2017,XRPBTC,3.26E-05,3.85E-05,3.17E-05,3.71E-05,32467497.27,1175.22
10/23/2017,XRPBTC,3.37E-05,3.38E-05,3.19E-05,3.26E-05,11743485.09,384.19
10/22/2017,XRPBTC,3.50E-05,3.51E-05,3.33E-05,3.37E-05,11468466.82,394.19
10/21/2017,XRPBTC,3.46E-05,3.51E-05,3.21E-05,3.50E-05,11948072.83,398.45
10/20/2017,XRPBTC,3.76E-05,3.94E-05,3.40E-05,3.46E-05,18699664.48,673.32
10/19/2017,XRPBTC,3.89E-05,4.15E-05,3.60E-05,3.76E-05,30827836.58,1170.4
10/18/2017,XRPBTC,4.08E-05,4.33E-05,3.75E-05,3.89E-05,20307473.25,824.25
10/17/2017,XRPBTC,4.49E-05,4.64E-05,3.80E-05,4.08E-05,24575170.79,1054.11
10/16/2017,XRPBTC,4.65E-05,5.30E-05,4.34E-05,4.49E-05,50193022.86,2405.2
10/15/2017,XRPBTC,4.38E-05,4.86E-05,4.34E-05,4.65E-05,31282980.15,1445.09
10/14/2017,XRPBTC,4.62E-05,4.78E-05,4.36E-05,4.38E-05,30484828.99,1398.7
10/13/2017,XRPBTC,4.50E-05,4.69E-05,3.91E-05,4.62E-05,41351282.91,1773.04
10/12/2017,XRPBTC,5.46E-05,5.49E-05,4.46E-05,4.50E-05,23592030.53,1165.27
10/11/2017,XRPBTC,5.42E-05,5.55E-05,5.22E-05,5.46E-05,10908101.04,590.13
10/10/2017,XRPBTC,5.22E-05,5.55E-05,4.93E-05,5.42E-05,19637042.49,1035.35
10/9/2017,XRPBTC,6.08E-05,6.09E-05,4.79E-05,5.22E-05,28398340.9,1551.57
10/8/2017,XRPBTC,5.40E-05,6.10E-05,5.36E-05,6.08E-05,14828677.85,854.99
10/7/2017,XRPBTC,5.35E-05,5.49E-05,5.31E-05,5.40E-05,5365802.71,289.62
10/6/2017,XRPBTC,5.50E-05,5.60E-05,5.28E-05,5.35E-05,9356616.8,509.23
10/5/2017,XRPBTC,5.06E-05,5.64E-05,5.05E-05,5.50E-05,21878377.17,1179.71
10/4/2017,XRPBTC,4.69E-05,5.15E-05,4.68E-05,5.06E-05,11719347.93,579.16
10/3/2017,XRPBTC,4.62E-05,4.74E-05,4.61E-05,4.69E-05,3374365.93,158.12
10/2/2017,XRPBTC,4.75E-05,4.75E-05,4.50E-05,4.62E-05,4541036.27,208.73
10/1/2017,XRPBTC,4.58E-05,4.75E-05,4.55E-05,4.75E-05,3839106.58,177.01
9/30/2017,XRPBTC,4.71E-05,4.79E-05,4.50E-05,4.58E-05,4376220.03,203.81
9/29/2017,XRPBTC,4.82E-05,4.84E-05,4.66E-05,4.71E-05,3501945.69,165.32
9/28/2017,XRPBTC,4.99E-05,5.03E-05,4.72E-05,4.82E-05,5860916.66,285.1
9/27/2017,XRPBTC,4.86E-05,5.25E-05,4.81E-05,4.99E-05,8859867.91,446.8
9/26/2017,XRPBTC,4.69E-05,4.97E-05,4.66E-05,4.86E-05,5124680.67,247.05
9/25/2017,XRPBTC,4.80E-05,4.80E-05,4.69E-05,4.69E-05,1419353.25,67.15
9/24/2017,XRPBTC,4.74E-05,4.83E-05,4.70E-05,4.80E-05,1260014.21,60.11
9/23/2017,XRPBTC,4.79E-05,4.79E-05,4.69E-05,4.74E-05,3189396.62,150.73
9/22/2017,XRPBTC,4.74E-05,4.81E-05,4.63E-05,4.79E-05,3199794.78,151.94
9/21/2017,XRPBTC,4.68E-05,4.80E-05,4.65E-05,4.74E-05,3561791.77,168
9/20/2017,XRPBTC,4.73E-05,4.75E-05,4.61E-05,4.68E-05,3426533.44,160.08
9/19/2017,XRPBTC,4.76E-05,4.79E-05,4.64E-05,4.73E-05,3625716.38,171.48
9/18/2017,XRPBTC,4.90E-05,4.94E-05,4.70E-05,4.76E-05,6851364.21,328.98
9/17/2017,XRPBTC,4.95E-05,5.01E-05,4.86E-05,4.90E-05,2739080.86,134.51
9/16/2017,XRPBTC,5.01E-05,5.02E-05,4.87E-05,4.95E-05,4573395.62,226.3
9/15/2017,XRPBTC,5.29E-05,5.50E-05,4.92E-05,5.01E-05,10763507.89,557.39
9/14/2017,XRPBTC,5.13E-05,5.42E-05,4.90E-05,5.29E-05,7836355.61,403.91
9/13/2017,XRPBTC,5.06E-05,5.15E-05,4.98E-05,5.13E-05,2809824.36,142.81
9/12/2017,XRPBTC,5.10E-05,5.17E-05,5.00E-05,5.06E-05,2971279.71,151.3
9/11/2017,XRPBTC,5.11E-05,5.25E-05,4.93E-05,5.10E-05,5470861.72,281.05
9/10/2017,XRPBTC,4.92E-05,5.20E-05,4.90E-05,5.11E-05,3469245.04,174.66
9/9/2017,XRPBTC,4.94E-05,4.98E-05,4.86E-05,4.92E-05,1735729.1,85.44
9/8/2017,XRPBTC,4.94E-05,4.97E-05,4.75E-05,4.94E-05,3254748.18,159.34
9/7/2017,XRPBTC,5.04E-05,5.04E-05,4.84E-05,4.94E-05,2322668.48,114.2
9/6/2017,XRPBTC,4.92E-05,5.07E-05,4.89E-05,5.04E-05,4905828.42,244.23
9/5/2017,XRPBTC,4.82E-05,5.02E-05,4.77E-05,4.92E-05,5788783.44,283.68
9/4/2017,XRPBTC,4.99E-05,5.03E-05,4.51E-05,4.82E-05,10154246.95,480.15
9/3/2017,XRPBTC,4.97E-05,5.08E-05,4.90E-05,4.99E-05,5392442.52,269.01
9/2/2017,XRPBTC,5.17E-05,5.19E-05,4.87E-05,4.97E-05,8520170.64,425.27
9/1/2017,XRPBTC,5.50E-05,5.50E-05,5.15E-05,5.17E-05,5509189.1,291.91
8/31/2017,XRPBTC,5.06E-05,5.63E-05,4.90E-05,5.50E-05,7101151.45,370.33
8/30/2017,XRPBTC,4.77E-05,5.10E-05,4.70E-05,5.06E-05,3970452.94,195.59
8/29/2017,XRPBTC,5.15E-05,5.15E-05,4.68E-05,4.77E-05,7827231.69,386.78
8/28/2017,XRPBTC,4.67E-05,5.60E-05,4.50E-05,5.15E-05,21172478.18,1069.94
8/27/2017,XRPBTC,4.84E-05,4.85E-05,4.43E-05,4.67E-05,7577144.83,351.11
8/26/2017,XRPBTC,5.00E-05,5.38E-05,4.81E-05,4.84E-05,5794105.87,290.86
8/25/2017,XRPBTC,5.02E-05,5.33E-05,4.66E-05,5.00E-05,13385087.57,663.61
8/24/2017,XRPBTC,5.95E-05,6.88E-05,4.86E-05,5.02E-05,24798859.97,1440.06
8/23/2017,XRPBTC,5.94E-05,7.42E-05,5.26E-05,5.95E-05,34704917.89,2240.51
8/22/2017,XRPBTC,4.87E-05,6.43E-05,4.46E-05,5.94E-05,37269414.83,1995.81
8/21/2017,XRPBTC,3.86E-05,5.19E-05,3.79E-05,4.87E-05,21995956.1,954.04
8/20/2017,XRPBTC,3.68E-05,3.96E-05,3.66E-05,3.86E-05,4203155.09,160.55
8/19/2017,XRPBTC,3.83E-05,3.92E-05,3.66E-05,3.68E-05,4898082.62,184.78
8/18/2017,XRPBTC,3.69E-05,4.05E-05,3.55E-05,3.83E-05,8727158.59,332.13
8/17/2017,XRPBTC,3.66E-05,3.72E-05,3.50E-05,3.69E-05,6186458.2,225.49
8/16/2017,XRPBTC,3.80E-05,3.83E-05,3.60E-05,3.66E-05,13044916.61,486.15
8/15/2017,XRPBTC,3.89E-05,4.09E-05,3.65E-05,3.80E-05,9943239.63,379.9
8/14/2017,XRPBTC,4.09E-05,4.51E-05,3.84E-05,3.89E-05,4097858.93,166.34
8/13/2017,XRPBTC,4.43E-05,4.45E-05,3.85E-05,4.09E-05,7110742.65,290.86
8/12/2017,XRPBTC,4.91E-05,5.03E-05,4.38E-05,4.43E-05,5214999.09,241.53
8/11/2017,XRPBTC,5.29E-05,5.34E-05,4.81E-05,4.91E-05,3696940.23,188.33
8/10/2017,XRPBTC,5.48E-05,5.52E-05,5.22E-05,5.29E-05,3073603.25,163.92
8/9/2017,XRPBTC,5.71E-05,5.75E-05,5.45E-05,5.48E-05,4354086.83,243.63
8/8/2017,XRPBTC,5.30E-05,5.95E-05,5.12E-05,5.71E-05,7659897.24,422.58
8/7/2017,XRPBTC,5.60E-05,5.60E-05,5.20E-05,5.30E-05,4597124.54,245.91
8/6/2017,XRPBTC,5.67E-05,5.85E-05,5.42E-05,5.60E-05,2990793,168.93
8/5/2017,XRPBTC,6.09E-05,6.09E-05,5.49E-05,5.67E-05,5338532.16,305.05
8/4/2017,XRPBTC,6.23E-05,6.35E-05,6.00E-05,6.09E-05,3026559.76,186.2
8/3/2017,XRPBTC,6.36E-05,6.40E-05,6.21E-05,6.23E-05,2096481.85,132.03
8/2/2017,XRPBTC,6.54E-05,6.63E-05,6.22E-05,6.36E-05,4472259.42,287.77
8/1/2017,XRPBTC,5.72E-05,6.78E-05,5.72E-05,6.54E-05,5228116.75,321.35
7/31/2017,XRPBTC,5.89E-05,5.99E-05,5.65E-05,5.72E-05,3822176.93,222.56
7/30/2017,XRPBTC,6.21E-05,6.29E-05,5.89E-05,5.89E-05,1900945.53,116.24
7/29/2017,XRPBTC,5.85E-05,6.29E-05,5.61E-05,6.21E-05,2044591.47,120.39
7/28/2017,XRPBTC,6.45E-05,6.49E-05,5.58E-05,5.85E-05,4618014.98,277.72
7/27/2017,XRPBTC,6.89E-05,6.89E-05,6.42E-05,6.45E-05,1720750.52,116.25
7/26/2017,XRPBTC,6.80E-05,6.95E-05,6.68E-05,6.89E-05,2966476.69,202.65
7/25/2017,XRPBTC,6.91E-05,7.05E-05,6.40E-05,6.80E-05,4419608.38,299.06
7/24/2017,XRPBTC,7.14E-05,7.18E-05,6.90E-05,6.91E-05,1738905.09,122.02
7/23/2017,XRPBTC,6.97E-05,7.44E-05,6.91E-05,7.14E-05,2904656.54,205.57
7/22/2017,XRPBTC,6.91E-05,7.12E-05,6.50E-05,6.97E-05,4743752.2,328.23
7/21/2017,XRPBTC,6.68E-05,7.11E-05,6.59E-05,6.91E-05,3149280.2,217.23
7/20/2017,XRPBTC,7.24E-05,7.48E-05,6.50E-05,6.68E-05,2067912.37,145.65
7/19/2017,XRPBTC,7.74E-05,7.85E-05,7.04E-05,7.24E-05,2165806.54,161.6
7/18/2017,XRPBTC,7.80E-05,8.02E-05,7.42E-05,7.74E-05,2119683.83,162.43
7/17/2017,XRPBTC,7.64E-05,8.04E-05,7.26E-05,7.80E-05,5588917.97,428.76
7/16/2017,XRPBTC,8.69E-05,8.72E-05,6.93E-05,7.64E-05,7666558.83,593.23
7/15/2017,XRPBTC,8.29E-05,8.78E-05,8.16E-05,8.69E-05,3192592.36,273.06
7/14/2017,XRPBTC,8.14E-05,8.30E-05,7.79E-05,8.29E-05,2856320.41,228.97
7/13/2017,XRPBTC,8.24E-05,9.10E-05,7.73E-05,8.14E-05,4675510.19,389.07
7/12/2017,XRPBTC,7.66E-05,8.31E-05,7.34E-05,8.24E-05,5130142,405.07
7/11/2017,XRPBTC,7.99E-05,8.44E-05,6.56E-05,7.66E-05,10942551.35,822.84
7/10/2017,XRPBTC,9.07E-05,9.07E-05,7.60E-05,7.99E-05,4059250.23,345.35
7/9/2017,XRPBTC,9.00E-05,9.55E-05,8.90E-05,9.07E-05,1218741.44,111.95
7/8/2017,XRPBTC,9.21E-05,9.28E-05,8.50E-05,9.00E-05,3618392.3,321.93
7/7/2017,XRPBTC,9.60E-05,9.71E-05,9.09E-05,9.21E-05,3107329.67,291.83
7/6/2017,XRPBTC,9.62E-05,9.77E-05,9.55E-05,9.60E-05,1055183.47,101.7
7/5/2017,XRPBTC,9.50E-05,0.000101,9.50E-05,9.62E-05,1813242.44,175.83
7/4/2017,XRPBTC,9.93E-05,9.93E-05,9.50E-05,9.50E-05,1533398.87,148.47
7/3/2017,XRPBTC,0.0001004,0.0001008,9.80E-05,9.93E-05,2486019.41,246.37
7/2/2017,XRPBTC,9.86E-05,0.0001014,9.75E-05,0.0001004,2690821.09,269.13
7/1/2017,XRPBTC,0.0001,0.0001014,9.80E-05,9.86E-05,1809327.73,180.86
6/30/2017,XRPBTC,0.000101,0.0001029,9.95E-05,0.0001,2031528.63,205.24
6/29/2017,XRPBTC,0.0001047,0.0001052,9.95E-05,0.000101,3536197.53,357.91
6/28/2017,XRPBTC,0.0001024,0.0001052,0.0001004,0.0001047,1239317.06,127.66
6/27/2017,XRPBTC,0.0001012,0.0001034,9.71E-05,0.0001024,4312073.4,434.96
6/26/2017,XRPBTC,0.0001034,0.0001078,9.23E-05,0.0001012,5923764.09,598.83
6/25/2017,XRPBTC,0.0001079,0.0001091,0.0001015,0.0001034,2491595.96,261.4
6/24/2017,XRPBTC,0.0001091,0.0001129,0.0001038,0.0001079,4119719.39,443.21
6/23/2017,XRPBTC,0.000103,0.0001093,0.0001011,0.0001091,2312342.99,242.39
6/22/2017,XRPBTC,0.0001029,0.0001063,9.89E-05,0.000103,2922221.87,298.95
6/21/2017,XRPBTC,0.0001116,0.0001141,9.79E-05,0.0001029,4138192.8,436.72
6/20/2017,XRPBTC,0.0001086,0.0001229,0.0001045,0.0001116,10196010.56,1170.39
6/19/2017,XRPBTC,0.0001053,0.0001095,0.0001014,0.0001086,2669610.57,278.16
6/18/2017,XRPBTC,9.84E-05,0.0001086,9.76E-05,0.0001053,3851789.3,400.37
6/17/2017,XRPBTC,0.0001011,0.0001013,9.70E-05,9.84E-05,2156190.33,213.36
6/16/2017,XRPBTC,0.0001017,0.0001036,0.0001,0.0001011,1184115.15,119.87
6/15/2017,XRPBTC,0.0001064,0.0001086,9.91E-05,0.0001017,4634926.25,478.73
6/14/2017,XRPBTC,9.70E-05,0.000111,9.45E-05,0.0001064,7415168.64,773.6
6/13/2017,XRPBTC,9.34E-05,0.0001028,9.16E-05,9.70E-05,5347632.7,512.66
6/12/2017,XRPBTC,9.15E-05,9.56E-05,8.86E-05,9.34E-05,5788687.05,534.15
6/11/2017,XRPBTC,8.95E-05,9.57E-05,8.84E-05,9.15E-05,3034378.03,279.09
6/10/2017,XRPBTC,9.91E-05,0.0001019,8.87E-05,8.95E-05,6048040.05,575.2
6/9/2017,XRPBTC,0.0001016,0.0001079,9.73E-05,9.91E-05,9534489.77,966.67
6/8/2017,XRPBTC,0.0001022,0.0001198,0.0001007,0.0001016,12066280.49,1247.31
6/7/2017,XRPBTC,9.91E-05,0.0001074,9.70E-05,0.0001022,4614744.29,470.15
6/6/2017,XRPBTC,0.0001075,0.0001075,9.70E-05,9.91E-05,4908604.51,495.24
6/5/2017,XRPBTC,0.0001156,0.0001169,0.0001073,0.0001075,3288546.38,369.34
6/4/2017,XRPBTC,0.0001143,0.000123,0.0001086,0.0001156,4026952.48,459.3
6/3/2017,XRPBTC,0.0001177,0.0001246,0.000106,0.0001143,5628156.57,643.71
6/2/2017,XRPBTC,0.0001392,0.0001411,0.0001155,0.0001177,6868143.39,862.36
6/1/2017,XRPBTC,0.0001076,0.0001432,0.000107,0.0001392,10059317.87,1280.32
5/31/2017,XRPBTC,9.25E-05,0.0001121,8.90E-05,0.0001076,6485380.45,658.9
5/30/2017,XRPBTC,0.0001016,0.0001045,9.20E-05,9.25E-05,3101866.78,301.85
5/29/2017,XRPBTC,0.0001051,0.0001081,9.97E-05,0.0001016,2619503.81,272.08
5/28/2017,XRPBTC,0.0001027,0.0001124,9.70E-05,0.0001051,3585411.78,369.25
5/27/2017,XRPBTC,0.0001215,0.0001235,8.01E-05,0.0001027,14796095.41,1481.21
5/26/2017,XRPBTC,0.0001057,0.0001355,0.0001056,0.0001215,5876323.74,713.71
5/25/2017,XRPBTC,0.0001197,0.0001198,9.37E-05,0.0001057,10718725.48,1128.75
5/24/2017,XRPBTC,0.0001433,0.000146,0.0001148,0.0001197,5003908.39,658.92
5/23/2017,XRPBTC,0.0001448,0.0001585,0.00013,0.0001433,2960359.39,422.26
5/22/2017,XRPBTC,0.0001608,0.0001634,0.0001148,0.0001448,8096394.69,1134.03
5/21/2017,XRPBTC,0.0001679,0.0001781,0.0001601,0.0001608,3180579.66,523.25
5/20/2017,XRPBTC,0.0001685,0.0001889,0.0001475,0.0001679,5160267.64,872.83
5/19/2017,XRPBTC,0.00019,0.0002,0.0001301,0.0001685,1168035.04,190.9
